{"cameraMode":{"drawMode":0,"name":"Shaded","section":"Shading Mode"},"sceneLighting":true,"audioPlay":false,"sceneViewState":{"m_AlwaysRefresh":false,"showFog":true,"showSkybox":true,"showFlares":true,"showImageEffects":true,"showParticleSystems":true,"showVisualEffectGraphs":true,"m_FxEnabled":false},"in2DMode":false,"pivot":{"x":-0.3027019500732422,"y":1.039262294769287,"z":-0.004115104675292969},"rotation":{"x":-0.08442193269729614,"y":0.9003244638442993,"z":-0.20209556818008424,"w":-0.37609487771987917},"size":1.2116161584854127,"orthographic":false}