{"cameraMode":{"drawMode":0,"name":"Shaded","section":"Shading Mode"},"sceneLighting":true,"audioPlay":false,"sceneViewState":{"m_AlwaysRefresh":false,"showFog":true,"showSkybox":true,"showFlares":true,"showImageEffects":true,"showParticleSystems":true,"showVisualEffectGraphs":true,"m_FxEnabled":false},"in2DMode":false,"pivot":{"x":-0.8470882177352905,"y":1.8397220373153687,"z":-5.960464477539063e-8},"rotation":{"x":0.03368595242500305,"y":0.6621022820472717,"z":-0.029814930632710458,"w":0.7480868697166443},"size":9.632915496826172,"orthographic":true}