{"cameraMode":{"drawMode":0,"name":"Shaded","section":"Shading Mode"},"sceneLighting":true,"audioPlay":false,"sceneViewState":{"m_AlwaysRefresh":false,"showFog":true,"showSkybox":true,"showFlares":true,"showImageEffects":true,"showParticleSystems":true,"showVisualEffectGraphs":true,"m_FxEnabled":false},"in2DMode":false,"pivot":{"x":60.32513427734375,"y":17.744766235351564,"z":48.43742370605469},"rotation":{"x":0.23478105664253236,"y":-0.007290307432413101,"z":0.0017608911730349064,"w":0.9720202684402466},"size":71.60350036621094,"orthographic":true}