{"cameraMode":{"drawMode":0,"name":"Shaded","section":"Shading Mode"},"sceneLighting":true,"audioPlay":false,"sceneViewState":{"m_AlwaysRefresh":false,"showFog":true,"showSkybox":true,"showFlares":true,"showImageEffects":true,"showParticleSystems":true,"showVisualEffectGraphs":true,"m_FxEnabled":false},"in2DMode":false,"pivot":{"x":60.66590118408203,"y":0.9252572059631348,"z":18.253164291381837},"rotation":{"x":0.058962155133485797,"y":-0.2474323958158493,"z":0.01508482825011015,"w":0.9670019149780273},"size":7.692244529724121,"orthographic":true}