{"cameraMode":{"drawMode":0,"name":"Shaded","section":"Shading Mode"},"sceneLighting":true,"audioPlay":false,"sceneViewState":{"m_AlwaysRefresh":false,"showFog":true,"showSkybox":true,"showFlares":true,"showImageEffects":true,"showParticleSystems":true,"showVisualEffectGraphs":true,"m_FxEnabled":true},"in2DMode":false,"pivot":{"x":2.7494781017303469,"y":7.547019958496094,"z":-34.98275375366211},"rotation":{"x":0.13101942837238313,"y":-0.004461287055164576,"z":0.0005895061767660081,"w":0.9913724064826965},"size":10.41793155670166,"orthographic":false}